Date,Open,High,Low,Close,Adj Close,Volume
6/19/2018,49.700001,50.060001,49.580002,49.959999,48.55978,16600
6/20/2018,50.450001,50.889,50.450001,50.580002,49.162403,190000
6/21/2018,50.77,50.849998,50.200001,50.27,48.861099,428700
6/22/2018,50.59,50.610001,50.189999,50.490002,49.074928,181500
6/25/2018,50.23,50.23,49.014999,49.450001,48.064075,2509600
6/26/2018,49.720001,49.779999,49.349998,49.532001,48.143784,104000
6/27/2018,49.82,50,49.099998,49.099998,47.723892,144900
6/28/2018,49.099998,49.790001,48.970001,49.59,48.20015,336500
6/29/2018,49.799999,49.84,49.419998,49.529999,48.141838,152300
7/2/2018,49.110001,49.84,48.939999,49.84,48.44315,321300
7/3/2018,50,50,49.188999,49.23,47.850235,97500
7/5/2018,49.59,50,49.330002,49.98,48.579224,324900
7/6/2018,50.139999,50.816002,49.93,50.77,49.34708,199800
7/9/2018,51.200001,51.200001,50.650002,51.060001,49.628952,118100
7/10/2018,51.209999,51.209999,50.869999,51.039001,49.608543,1153200
7/11/2018,50.700001,51.23,50.650002,50.970001,49.541481,227500
7/12/2018,51.299999,51.77,51.139999,51.77,50.319054,361400
7/13/2018,51.779999,51.799999,51.449001,51.689999,50.241295,80100
7/16/2018,51.779999,51.779999,51.450001,51.540001,50.095501,200700
7/17/2018,50.810001,51.68,50.720001,51.549999,50.105221,172600
7/18/2018,51.59,51.599998,51.23,51.400002,49.959423,147800
7/19/2018,51.43,51.470001,51.006001,51.040001,49.609516,258400
7/20/2018,51.049999,51.186001,50.84,50.869999,49.444279,158400
7/23/2018,50.93,51.099998,50.650002,51.080002,49.648396,94800
7/24/2018,52.110001,52.110001,51.16,51.439999,49.998302,211200
7/25/2018,51.529999,51.875,51.380001,51.810001,50.357933,604300
7/26/2018,49.75,50.02,49.57,49.855999,48.458694,833400
7/27/2018,49.77,49.830002,48.638,48.91,47.539215,1111200
7/30/2018,49.02,49.02,47.868999,48.139999,46.790791,251300
7/31/2018,48.369999,48.77,48.139999,48.459999,47.101818,1211400
8/1/2018,48.560001,48.778999,48.118999,48.259998,46.907421,1250400
8/2/2018,48.09,48.66,47.900002,48.580002,47.21846,190700
8/3/2018,48.09,48.93,48.09,48.91,47.539215,117200
8/6/2018,48.91,49.41,48.82,49.400002,48.01548,110200
8/7/2018,49.68,49.799,49.419998,49.459999,48.073799,128800
8/8/2018,49.549999,49.599998,49.358002,49.419998,48.03492,114200
8/9/2018,49.459999,49.884998,49.459999,49.689999,48.297348,306400
8/10/2018,49.529999,49.529999,49.150002,49.27,47.889122,177600
8/13/2018,49.330002,49.610001,49.169998,49.200001,47.821083,261000
8/14/2018,49.439999,49.630001,49.110001,49.549999,48.161274,189800
8/15/2018,49.240002,49.299999,48.490002,48.860001,47.490608,555100
8/16/2018,49.189999,49.235001,48.759998,48.84,47.471176,177600
8/17/2018,48.66,48.810001,48.400002,48.610001,47.247623,226900
8/20/2018,48.849998,48.849998,48.370998,48.689999,47.325371,145800
8/21/2018,48.950001,49.23,48.810001,48.990002,47.616974,384900
8/22/2018,48.849998,49.029999,48.75,48.93,47.558655,501900
8/23/2018,48.880001,49.169998,48.720001,48.73,47.36425,283700
8/24/2018,48.959999,49.439999,48.880001,49.439999,48.054363,330900
8/27/2018,49.75,50.019001,49.660999,49.919998,48.520901,299200
8/28/2018,50.060001,50.060001,49.631001,49.700001,48.307064,150200
8/29/2018,49.830002,50.02,49.669998,49.98,48.579224,270900
8/30/2018,49.810001,50.035,49.48,49.669998,48.277908,344400
8/31/2018,49.619999,49.619999,49.042,49.18,47.80164,235000
9/4/2018,49.049999,49.049999,48.400002,48.57,47.20874,343700
9/5/2018,48.52,48.52,47.759998,47.939999,46.596394,773600
9/6/2018,47.91,47.98,47.169998,47.580002,46.246494,599600
9/7/2018,47.279999,47.950001,47.23,47.68,46.343689,755700
9/10/2018,47.98,47.98,47.558998,47.779999,46.44088,310900
9/11/2018,47.720001,48.360001,47.66,48.259998,46.907421,615700
9/12/2018,48.130001,48.25,47.849998,48.119999,46.771355,713300
9/13/2018,48.310001,48.52,48.209999,48.459999,47.101818,754500
9/14/2018,48.639999,48.639999,48.25,48.369999,47.014347,1190800
9/17/2018,48.419998,48.419998,47.860001,47.900002,46.557522,810800
9/18/2018,47.950001,48.41,47.900002,48.240002,46.887993,430100
9/19/2018,48.290001,48.419998,47.990002,48.369999,47.014347,2385200
9/20/2018,48.77,48.950001,48.52,48.900002,47.529491,4554200
9/21/2018,49.02,49.040001,48.419998,48.549999,47.31702,7974600
9/24/2018,48.209999,48.619999,48.009998,48.549999,47.31702,6769400
9/25/2018,48.540001,48.650002,48.25,48.57,47.336517,3994500
9/26/2018,48.650002,49.25,48.599998,48.759998,47.52169,5688600
9/27/2018,49.060001,49.529999,48.889999,49.18,47.93103,3649400
9/28/2018,49.07,49.119999,48.798,49,47.7556,2306600
10/1/2018,49.169998,49.220001,48.57,48.799999,47.560677,7636900
10/2/2018,48.77,48.963001,48.580002,48.759998,47.52169,5823500
10/3/2018,49.029999,49.189999,48.849998,48.98,47.736111,5146200
10/4/2018,48.93,48.93,47.869999,48.279999,47.053883,5292200
10/5/2018,48.349998,48.529999,47.48,47.82,46.605568,2648400
10/8/2018,47.599998,47.830002,47.009998,47.66,46.449627,2170000
10/9/2018,47.66,48.119999,47.57,47.630001,46.420387,1991400
10/10/2018,47.529999,47.540001,45.709999,45.75,44.588131,4050700
10/11/2018,45.66,46.27,44.93,45.360001,44.208038,8840700
10/12/2018,46.439999,46.5,45.59,46.369999,45.19239,5877600
10/15/2018,46.209999,46.68,46,46.189999,45.016956,1576900
10/16/2018,46.689999,47.505001,46.610001,47.41,46.205978,3707300
10/17/2018,47.740002,47.740002,47.110001,47.599998,46.391148,4571000
10/18/2018,47.490002,47.490002,46.376999,46.73,45.543251,21297200
10/19/2018,47,47.41,46.540001,46.720001,45.533504,3544400
10/22/2018,46.990002,47.119999,46.509998,46.689999,45.504261,2711700
10/23/2018,46.029999,46.790001,45.638,46.59,45.406799,2779600
10/24/2018,46.580002,46.580002,44.32,44.369999,43.243176,3552300
10/25/2018,45.169998,46.150002,45.169998,45.84,44.675858,3391700
10/26/2018,44.43,45.599998,44.040001,44.599998,43.467339,5229100
10/29/2018,45.299999,45.599998,43.07,43.91,42.794868,3491000
10/30/2018,43.84,45.169998,43.665001,45.110001,43.964382,6283600
10/31/2018,45.990002,46.549999,45.790001,46.040001,44.870766,3577200
11/1/2018,46.189999,46.41,45.740002,46.310001,45.133919,2550000
11/2/2018,46.450001,46.748001,45.540001,45.84,44.675858,2628600
11/5/2018,45.93,45.93,45.32,45.650002,44.490677,2439500
11/6/2018,45.700001,46.18,45.57,45.919998,44.753807,2040300
11/7/2018,46.389999,46.790001,46.169998,46.759998,45.572483,2705800
11/8/2018,46.790001,46.790001,46.049999,46.32,45.143658,1295700
11/9/2018,45.740002,45.91,45.009998,45.369999,44.217789,2234500
11/12/2018,45.32,45.369999,44.5,44.689999,43.555054,1203700
11/13/2018,44.889999,45.290001,44.459999,44.549999,43.41861,2186100
11/14/2018,45.029999,45.150002,44.41,44.77,43.633026,2137500
11/15/2018,44.560001,45.18,44.136002,45.099998,43.954639,3864100
11/16/2018,44.84,45.049999,44.450001,44.880001,43.740234,2092100
11/19/2018,44.73,44.759998,43.389999,43.52,42.414768,2358000
11/20/2018,42.740002,43.419998,42.380001,42.950001,41.859238,5028200
11/21/2018,43.389999,43.860001,43.32,43.459999,42.3563,3187400
11/23/2018,43.189999,43.330002,42.889999,42.889999,41.800766,667100
11/26/2018,43.389999,43.880001,43.279999,43.869999,42.755882,2563700
11/27/2018,43.720001,44.150002,43.529999,44.009998,42.892323,2114400
11/28/2018,44.240002,44.93,43.73,44.93,43.78896,2707400
11/29/2018,44.689999,45.305,44.535,45.080002,43.935154,2247700
11/30/2018,45.16,45.16,44.639999,45.009998,43.866928,5563500
12/3/2018,45.98,45.98,44.900002,45.080002,43.935154,5790400
12/4/2018,45,45.259998,43.650002,43.75,42.638927,3268000
12/6/2018,43.099998,44.240002,42.970001,44.240002,43.116486,3560400
12/7/2018,44.09,44.450001,43.209999,43.400002,42.297817,2625800
12/10/2018,43.52,43.939999,42.907001,43.73,42.619434,3379500
12/11/2018,44.259998,44.360001,43.529999,43.77,42.658421,4425900
12/12/2018,44.18,44.830002,44.18,44.240002,43.116486,3352600
12/13/2018,44.380001,44.540001,43.759998,44.040001,42.921566,1984100
12/14/2018,43.59,44.139999,43.52,43.610001,42.50248,1910800
12/17/2018,43.450001,43.84,42.439999,42.759998,41.674072,3275000
12/18/2018,42.990002,43.419998,42.700001,42.950001,41.859238,3597400
12/19/2018,42.889999,43.57,41.790001,42.029999,40.962605,5714100
12/20/2018,41.779999,42.209999,40.766998,41.290001,40.241402,9067000
12/21/2018,41.259998,41.610001,39.5,39.810001,38.92532,7987400
12/24/2018,39.529999,40.16,38.970001,38.970001,38.103985,3888500
12/26/2018,39.27,41.18,39.041,41.16,40.245312,4104000
12/27/2018,40.59,41.349998,39.75,41.349998,40.431087,3768600
12/28/2018,41.509998,41.84,40.959999,41.220001,40.303982,2631900
12/31/2018,41.540001,41.68,40.759998,41.279999,40.362648,5303600
1/2/2019,40.599998,42.035,40.52,41.830002,40.900429,4625800
1/3/2019,41.560001,41.880001,41.060001,41.130001,40.215981,3433700
1/4/2019,41.810001,43.009998,41.669998,42.900002,41.946648,2647900
1/7/2019,42.950001,43.57,42.810001,43.389999,42.425751,4048400
1/8/2019,43.810001,44.18,43.490002,44.119999,43.139538,2144800
1/9/2019,44.259998,44.290001,43.790001,44.18,43.1982,1840800
1/10/2019,43.990002,44.330002,43.66,44.27,43.286205,1340500
1/11/2019,43.990002,44.119999,43.66,44.049999,43.071095,1227900
1/14/2019,43.759998,44.062,43.549999,43.889999,42.914642,2344900
1/15/2019,44.110001,44.720001,44.029999,44.619999,43.628422,2459700
1/16/2019,44.669998,44.779999,44.369999,44.43,43.442646,20343800
1/17/2019,44.330002,44.73,44.189999,44.610001,43.618649,3311000
1/18/2019,44.939999,45.275002,44.759998,44.970001,43.970646,3375800
1/22/2019,44.66,44.720001,43.759998,44.040001,43.06131,4343200
1/23/2019,44.290001,44.369999,43.439999,43.84,42.865761,2540500
1/24/2019,43.82,44.09,43.59,44.040001,43.06131,2878700
1/25/2019,44.43,44.740002,44.349998,44.599998,43.608864,3341100
1/28/2019,44.18,44.27,43.820999,44.209999,43.227535,4328200
1/29/2019,44.18,44.189999,43.549999,43.689999,42.719086,1138100
1/30/2019,43.950001,44.403999,43.509998,44.32,43.335091,2578000
1/31/2019,45.5,46.32,45.41,46.130001,45.10487,4798700
2/1/2019,46.029999,46.360001,45.91,45.970001,44.948421,4395100
2/4/2019,46.009998,46.400002,45.860001,46.400002,45.36887,3703100
2/5/2019,46.360001,46.950001,46.330002,46.91,45.867538,2388600
2/6/2019,46.529999,46.529999,45.759998,45.860001,44.84087,3748900
2/7/2019,45.450001,45.589001,44.93,45.419998,44.410641,2341500
2/8/2019,45.099998,45.73,45.060001,45.73,44.713753,2600400
2/11/2019,45.919998,46.02,45.23,45.259998,44.2542,2061100
2/12/2019,45.689999,45.939999,45.669998,45.779999,44.762642,2442900
2/13/2019,45.970001,46.169998,45.77,45.810001,44.791981,3620700
2/14/2019,45.57,46.188,45.380001,45.98,44.958199,2103300
2/15/2019,46.299999,46.299999,45.939999,46.18,45.153755,2283500
2/19/2019,46.049999,46.400002,45.98,46.23,45.202644,4218800
2/20/2019,46.279999,46.380001,45.82,46.07,45.0462,3566300
2/21/2019,45.959999,45.987999,45.470001,45.639999,44.625755,2631200
2/22/2019,45.830002,46.09,45.720001,46.07,45.0462,4005400
2/25/2019,46.34,46.404999,46.080002,46.119999,45.095089,2410800
2/26/2019,45.98,46.334,45.849998,46.119999,45.095089,4704600
2/27/2019,45.91,46.080002,45.560001,45.889999,44.870197,4009800
2/28/2019,45.849998,46.07,45.810001,45.919998,44.899525,2374200
3/1/2019,46.220001,46.299999,46.009998,46.279999,45.25153,7114200
3/4/2019,46.509998,46.630001,45.744999,46.34,45.310196,2906600
3/5/2019,46.349998,46.759998,46.119999,46.630001,45.593754,2805900
3/6/2019,46.709999,46.807999,46.470001,46.610001,45.574203,6131600
3/7/2019,46.549999,46.549999,45.970001,46.200001,45.173309,3377700
3/8/2019,45.700001,46.200001,45.560001,46.169998,45.143978,2566500
3/11/2019,46.290001,47.009998,46.290001,47,45.955536,3594000
3/12/2019,47.09,47.349998,47.07,47.209999,46.160866,8112500
3/13/2019,47.380001,47.529999,47.200001,47.349998,46.297752,3486900
3/14/2019,47.200001,47.299999,47,47.139999,46.092422,3539800
3/15/2019,47.119999,47.16,46.757,47.02,46.056171,6868900
3/18/2019,46.82,46.869999,46.514999,46.619999,45.664379,2807200
3/19/2019,46.799999,47.07,46.514999,46.700001,45.742741,3570800
3/20/2019,46.700001,47.259998,46.529999,47.119999,46.154133,7390700
3/21/2019,46.970001,47.777,46.93,47.740002,46.761421,3183200
3/22/2019,47.52,47.716999,46.830002,46.970001,46.007202,5174600
3/25/2019,46.84,47.119999,46.59,46.889999,45.928848,2408500
3/26/2019,47.130001,47.540001,46.91,47.119999,46.154133,2488600
3/27/2019,47.18,47.279999,46.529999,46.779999,45.821098,2465700
3/28/2019,46.740002,46.799999,46.439999,46.669998,45.713352,1891100
3/29/2019,46.919998,46.959999,46.400002,46.77,45.81131,2542900
4/1/2019,47.130001,47.52,47.130001,47.48,46.506748,4249700
4/2/2019,47.619999,47.799999,47.457001,47.73,46.751633,3323300
4/3/2019,47.950001,48.330002,47.810001,47.91,46.927937,2303600
4/4/2019,48.110001,48.348999,47.939999,48.18,47.192402,2788100
4/5/2019,48.349998,48.360001,48.169998,48.32,47.329536,2379700
4/8/2019,48.259998,48.279999,47.990002,48.23,47.241383,2340500
4/9/2019,48.119999,48.439999,48.110001,48.360001,47.36871,4872800
4/10/2019,48.470001,48.599998,48.299999,48.57,47.574406,2265200
4/11/2019,48.66,48.720001,48.514999,48.599998,47.603794,2115300
4/12/2019,48.970001,49.060001,48.794998,49.02,48.015179,4894100
4/15/2019,49.029999,49.064999,48.689999,48.98,47.976002,2345700
4/16/2019,49.119999,49.169998,48.84,49.029999,48.024979,2157000
4/17/2019,49.220001,49.244999,49.009998,49.119999,48.113132,2826000
4/18/2019,49.25,49.25,49.009998,49.150002,48.142521,1755100
4/22/2019,49.049999,49.369999,49.001999,49.369999,48.358009,2126800
4/23/2019,49.630001,50.150002,49.509998,50.029999,49.004486,3929800
4/24/2019,50.040001,50.049999,49.720001,49.799999,48.779198,3311500
4/25/2019,50.66,50.669998,50.200001,50.360001,49.327713,3064600
4/26/2019,50.490002,50.779999,50.23,50.759998,49.719517,2076600
4/29/2019,50.869999,51.34,50.869999,51.220001,50.170086,1340700
4/30/2019,50.279999,50.419998,49.884998,50.07,49.043659,3197100
5/1/2019,50.279999,50.375,49.805,49.810001,48.788994,4262700
5/2/2019,49.849998,49.970001,49.189999,49.610001,48.593094,4680800
5/3/2019,49.869999,50.119999,49.685001,50.09,49.063259,2050400
5/6/2019,49.27,50.09,49.259998,50.009998,48.98489,3159800
5/7/2019,49.720001,49.830002,48.810001,49.200001,48.191494,4342100
5/8/2019,49.220001,49.41,49.07,49.119999,48.113132,3453500
5/9/2019,48.73,49.150002,48.459999,48.970001,47.966221,4241500
5/10/2019,48.869999,49.287998,48.169998,49.110001,48.10334,2900500
5/13/2019,48.119999,48.419998,47.450001,47.59,46.614498,8211000
5/14/2019,47.869999,48.279999,47.540001,47.860001,46.878971,5332000
5/15/2019,47.610001,49.080002,47.610001,48.93,47.927025,7292700
5/16/2019,48.959999,49.610001,48.882,49.360001,48.348209,4627100
5/17/2019,48.939999,49.509998,48.880001,49,47.995594,3662800
5/20/2019,48.5,48.580002,48.060001,48.189999,47.202194,3854100
5/21/2019,48.580002,48.810001,48.380001,48.720001,47.721333,3023900
5/22/2019,48.57,48.990002,48.57,48.669998,47.672356,2793700
5/23/2019,48.18,48.32,47.709999,47.990002,47.006302,2570200
5/24/2019,48.27,48.419998,47.950001,47.98,46.996498,3442300
5/28/2019,48.18,48.610001,48.139999,48.189999,47.202194,2793400
5/29/2019,47.990002,48.049999,47.505001,47.720001,46.741829,2512500
5/30/2019,47.82,47.966999,47.580002,47.830002,46.849575,2520600
5/31/2019,47.27,47.386002,47.02,47.09,46.124748,2484800
6/3/2019,46.630001,46.630001,45.310001,45.610001,44.675079,7155200
6/4/2019,45.990002,46.59,45.669998,46.59,45.634991,7110700
6/5/2019,46.720001,46.720001,46.169998,46.610001,45.654587,5526400
6/6/2019,46.700001,46.889999,46.449001,46.810001,45.850487,3175900
6/7/2019,47.009998,47.73,46.970001,47.57,46.594902,3345600
6/10/2019,47.869999,48.040001,47.459999,47.529999,46.555733,5163000
6/11/2019,48.049999,48.169998,47.672001,47.73,46.751633,2869800
6/12/2019,47.709999,47.900002,47.325001,47.5,46.52634,2459400
6/13/2019,47.650002,48.049999,47.540001,48.029999,47.045475,6500400
6/14/2019,48.110001,48.259998,47.939999,48.119999,47.133633,2734900
6/17/2019,48.299999,48.790001,48.259998,48.669998,47.672356,4248700
6/18/2019,49.330002,49.57,48.869999,48.939999,47.936825,3843500
6/19/2019,48.939999,49.07,48.599998,49,47.995594,3319400
6/20/2019,49.610001,49.633999,48.959999,49.310001,48.299236,3340000
6/21/2019,49.110001,49.48,49.060001,49.400002,48.503464,10006600
6/24/2019,49.490002,49.619999,49.32,49.52,48.621288,5236900
6/25/2019,49.5,49.5,48.505001,48.599998,47.717983,2431900
6/26/2019,48.75,48.959999,48.32,48.41,47.531433,2380900
6/27/2019,48.740002,48.84,48.52,48.75,47.865261,1984700
6/28/2019,48.880001,49.259998,48.720001,49.220001,48.326736,6084800
7/1/2019,49.77,49.889999,49.43,49.619999,48.719479,2851800
7/2/2019,49.639999,50.110001,49.639999,50.080002,49.171127,2336600
7/3/2019,50.209999,50.459999,50.110001,50.34,49.426403,1260700
7/5/2019,50.189999,50.48,49.860001,50.41,49.495136,3006100
7/8/2019,50.209999,50.215,49.84,49.959999,49.053307,1152800
7/9/2019,49.779999,50.349998,49.709999,50.27,49.357674,1714900
7/10/2019,50.599998,50.895,50.400002,50.84,49.917336,2294400
7/11/2019,50.950001,51.07,50.66,50.869999,49.946785,5463100
7/12/2019,50.860001,51.25,50.779999,51.240002,50.310078,2621800
7/15/2019,51.27,51.310001,50.970001,51.25,50.319889,4075900
7/16/2019,51.279999,51.349998,51.040001,51.130001,50.202068,2540800
7/17/2019,51.150002,51.220001,50.650002,50.650002,49.730782,4760700
7/18/2019,50.18,50.32,49.845001,50.240002,49.32822,1813800
7/19/2019,50.450001,50.450001,49.549999,49.59,48.690018,1979600
7/22/2019,49.740002,49.799999,49.455002,49.779999,48.876572,2391500
7/23/2019,49.939999,49.98,49.5,49.970001,49.063126,2624700
7/24/2019,49.599998,50.459999,49.560001,50.41,49.495136,1840700
7/25/2019,50.490002,50.639999,49.98,50.279999,49.367493,2192600
7/26/2019,51.169998,51.869999,51.139999,51.720001,50.781357,5049700
7/29/2019,51.639999,51.639999,51.169998,51.43,50.496624,2582300
7/30/2019,51.110001,51.397999,51.040001,51.189999,50.260979,2095800
7/31/2019,51.220001,51.509998,50.34,50.779999,49.858418,2090800
8/1/2019,50.919998,51.599998,50.331001,50.540001,49.622772,4095700
8/2/2019,50.290001,50.43,49.75,50.049999,49.141666,4656200
8/5/2019,49.09,49.259998,47.970001,48.43,47.551071,6247900
8/6/2019,48.959999,49.380001,48.68,49.130001,48.238361,6548200
8/7/2019,48.549999,49.305,48.164001,49.189999,48.297268,3323300
8/8/2019,49.59,50.189999,49.32,50.18,49.269314,2456700
8/9/2019,49.880001,50.080002,49.310001,49.619999,48.719479,1837100
8/12/2019,49.380001,49.43,48.880001,49.09,48.199093,2329400
8/13/2019,49.040001,50.290001,48.98,49.810001,48.906029,4091700
8/14/2019,49.110001,49.150002,47.970001,48.040001,47.168144,4532700
8/15/2019,48.200001,48.369999,47.779999,48.119999,47.246696,3998600
8/16/2019,48.52,48.82,48.380001,48.740002,47.85545,2499600
8/19/2019,49.310001,49.709999,49.27,49.5,48.60165,2163500
8/20/2019,49.330002,49.509998,49.060001,49.169998,48.277641,2156600
8/21/2019,49.5,49.59,49.299999,49.360001,48.464191,2792300
8/22/2019,49.48,49.575001,48.799999,49.25,48.356186,1649100
8/23/2019,49,49.380001,47.735001,47.900002,47.030689,4020300
8/26/2019,48.349998,48.630001,48.099998,48.619999,47.737621,3155300
8/27/2019,49.099998,49.169998,48.560001,48.709999,47.825985,3139100
8/28/2019,48.509998,48.900002,48.310001,48.830002,47.943806,2088900
8/29/2019,49.34,49.740002,49.220001,49.59,48.690018,2169000
8/30/2019,49.810001,49.860001,49.290001,49.529999,48.6311,3045500
9/3/2019,49.189999,49.514999,48.91,49.040001,48.150002,3122100
9/4/2019,49.52,50.080002,49.455002,49.990002,49.08276,1865900
9/5/2019,50.48,50.895,50.389999,50.84,49.917336,3624600
9/6/2019,50.849998,50.93,50.639999,50.73,49.809326,3445400
9/9/2019,51,51.200001,50.610001,50.889999,49.966423,6421800
9/10/2019,50.700001,51.09,50.634998,50.959999,50.035156,3638500
9/11/2019,51,51.310001,50.950001,51.23,50.300255,6274100
9/12/2019,51.540001,51.650002,51.311001,51.380001,50.447529,4014500
9/13/2019,51.380001,51.5,51.18,51.290001,50.359161,3569400
9/16/2019,50.990002,51.23,50.900002,51.099998,50.172611,2527600
9/17/2019,51.09,51.16,50.810001,51.150002,50.221703,4556200
9/18/2019,51.07,51.150002,50.540001,51.09,50.162796,1741500
9/19/2019,51.189999,51.439999,50.990002,51.139999,50.211884,2357900
9/20/2019,51.119999,51.119999,50.41,50.689999,49.886135,6357900
9/23/2019,50.52,50.650002,50.259998,50.509998,49.708981,2177300
9/24/2019,50.689999,50.700001,49.48,49.75,48.96104,5371100
9/25/2019,49.720001,50.41,49.380001,50.32,49.522011,2181200
9/26/2019,50.209999,50.209999,49.474998,49.830002,49.039772,1793800
9/27/2019,49.919998,49.93,48.889999,49.27,48.488663,1852900
9/30/2019,49.369999,49.605,49.276001,49.52,48.734692,2466600
10/1/2019,49.650002,49.790001,48.939999,49.02,48.242622,2758700
10/2/2019,48.639999,48.689999,48.07,48.279999,47.514355,4405500
10/3/2019,48.32,48.790001,47.720001,48.75,47.976902,6945800
10/4/2019,48.93,49.48,48.84,49.41,48.626438,1920200
10/7/2019,49.279999,49.73,49.139999,49.41,48.626438,1365500
10/8/2019,49.080002,49.209999,48.610001,48.610001,47.839123,2431400
10/9/2019,48.91,49.080002,48.744999,48.900002,48.124527,4070600
10/10/2019,48.84,49.369999,48.779999,49.18,48.400089,3093400
10/11/2019,49.650002,50.200001,49.639999,49.759998,48.970882,4104900
10/14/2019,49.709999,49.775002,49.529999,49.650002,48.862633,1246200
10/15/2019,49.73,50.610001,49.66,50.5,49.699154,2105200
10/16/2019,50.380001,50.650002,50.349998,50.59,49.787727,2285200
10/17/2019,50.990002,51.009998,50.700001,50.889999,50.082966,2037200
10/18/2019,50.759998,50.915001,50.02,50.299999,49.502319,1958200
10/21/2019,50.509998,50.713001,50.452999,50.599998,49.797562,1425400
10/22/2019,50.68,50.73,50.084999,50.110001,49.315334,2433600
10/23/2019,50.099998,50.549999,50.099998,50.5,49.699154,1958500
10/24/2019,50.240002,50.25,49.759998,49.93,49.138187,2444800
10/25/2019,50,50.580002,49.900002,50.32,49.522011,1210800
10/28/2019,50.580002,50.939999,50.540001,50.790001,49.98455,2882900
10/29/2019,50.689999,50.77,50.240002,50.330002,49.531841,1788600
10/30/2019,50.450001,50.610001,50.095001,50.470001,49.669624,3900600
10/31/2019,50.84,50.84,50.169998,50.619999,49.817245,4059900
11/1/2019,50.91,50.959999,50.560001,50.950001,50.14201,3450700
11/4/2019,51.119999,51.314999,51.029999,51.23,50.417572,4650500
11/5/2019,51.27,51.369999,51.150002,51.25,50.437256,1886900
11/6/2019,51.25,51.27,50.84,51.07,50.260109,2288300
11/7/2019,51.279999,51.75,51.200001,51.389999,50.575031,1976200
11/8/2019,51.380001,51.689999,51.310001,51.529999,50.712814,1537500
11/11/2019,51.25,51.360001,51.16,51.290001,50.47662,1133400
11/12/2019,51.34,51.529999,51.209999,51.349998,50.535671,6801000
11/13/2019,51.23,51.455002,51.119999,51.330002,50.515987,1471400
11/14/2019,51.299999,51.66,51.23,51.560001,50.74234,1526200
11/15/2019,51.84,52.009998,51.669998,51.990002,51.16552,2798500
11/18/2019,51.91,52.259998,51.630001,52.169998,51.342667,1833000
11/19/2019,52.32,52.32,51.939999,52.200001,51.372192,2134400
11/20/2019,51.959999,52.139999,51.48,51.880001,51.05727,2428600
11/21/2019,51.93,52.200001,51.735001,52.02,51.195045,1374400
11/22/2019,52.110001,52.139999,51.810001,52.040001,51.214729,1623200
11/25/2019,52.209999,52.264999,52.09,52.200001,51.372192,2358700
11/26/2019,52.310001,52.389999,52.119999,52.369999,51.53949,2146600
11/27/2019,52.529999,52.799999,52.450001,52.740002,51.903629,3416700
11/29/2019,52.619999,52.75,52.509998,52.560001,51.726486,2396400
12/2/2019,52.610001,52.700001,51.75,52.060001,51.234413,4503300
12/3/2019,51.560001,52.005001,51.299999,51.959999,51.135994,3795500
12/4/2019,52.25,52.404999,52.080002,52.23,51.401718,4519600
12/5/2019,52.459999,52.470001,52.110001,52.450001,51.618225,3688600
12/6/2019,52.799999,52.830002,52.630001,52.759998,51.923313,4971800
12/9/2019,52.669998,53.049999,52.540001,52.560001,51.726486,3016100
12/10/2019,52.540001,52.59,52.240002,52.380001,51.549339,6432200
12/11/2019,52.5,52.66,52.419998,52.619999,51.785534,1436500
12/12/2019,52.639999,53.060001,52.400002,52.68,51.844582,2866800
12/13/2019,52.669998,52.785,52.334999,52.560001,51.726486,2834400
12/16/2019,52.849998,53.150002,52.849998,53.080002,52.238235,5780800
12/17/2019,53.080002,53.209999,52.939999,53.029999,52.189026,3222500
12/18/2019,53.209999,53.570999,53.150002,53.389999,52.543316,1862800
12/19/2019,53.43,53.880001,53.43,53.880001,53.025551,1873000
12/20/2019,54.049999,54.084999,53.650002,53.93,53.190258,3109700
12/23/2019,54.080002,54.145,53.755001,53.790001,53.052185,3248600
12/24/2019,53.849998,53.889999,53.735001,53.779999,53.042313,891200
12/26/2019,53.849998,54.189999,53.849998,54.189999,53.44669,830200
12/27/2019,54.32,54.349998,53.98,54.09,53.348064,3205000
12/30/2019,54.110001,54.110001,53.470001,53.529999,52.795742,2141300
12/31/2019,53.439999,53.700001,53.380001,53.630001,52.894375,2049700
1/2/2020,53.970001,54.259998,53.740002,54.259998,53.515732,6379500
1/3/2020,53.669998,54.200001,53.560001,53.91,53.170536,2351400
1/6/2020,53.610001,54.669998,53.599998,54.630001,53.880653,2535900
1/7/2020,54.689999,54.91,54.509998,54.700001,53.949696,2642800
1/8/2020,54.73,55.365002,54.66,55.09,54.334347,4161200
1/9/2020,55.529999,55.555,55.095001,55.380001,54.620373,2297100
1/10/2020,55.59,55.59,55.080002,55.16,54.403389,1941800
1/13/2020,55.419998,55.709999,55.18,55.68,54.91626,2854000
1/14/2020,55.669998,55.785,55.470001,55.540001,54.778175,2909600
1/15/2020,55.68,55.919998,55.592999,55.810001,55.044468,2136800
1/16/2020,56.049999,56.240002,55.869999,56.240002,55.468575,2031600
1/17/2020,56.48,56.695,56.299999,56.68,55.902542,6103700
1/21/2020,56.580002,56.726002,56.34,56.630001,55.853226,3182000
1/22/2020,56.869999,56.904999,56.540001,56.599998,55.823631,4542800
1/23/2020,56.5,56.529999,56.209999,56.369999,55.596786,1985600
1/24/2020,56.509998,56.509998,55.43,55.689999,54.926113,3175800
1/27/2020,54.650002,55.029999,54.509998,54.82,54.068054,5708800
1/28/2020,55.169998,55.674999,54.91,55.450001,54.689407,6526600
1/29/2020,55.759998,55.759998,55.16,55.360001,54.600643,5983800
1/30/2020,54.110001,54.830002,53.973999,54.799999,54.048317,3163200
1/31/2020,54.799999,54.799999,53.790001,53.91,53.170536,3635500
2/3/2020,54.349998,54.810001,54.349998,54.549999,53.801754,5905700
2/4/2020,54.77,55.151001,54.34,55.119999,54.363937,3504000
2/5/2020,55.599998,55.650002,54.919998,55.209999,54.452702,3771700
2/6/2020,55.48,55.994999,55.48,55.900002,55.133236,1998100
2/7/2020,55.720001,56.060001,55.549999,55.860001,55.093784,2698600
2/10/2020,55.73,56.200001,55.689999,56.189999,55.419254,4420500
2/11/2020,56.48,56.560001,56.060001,56.130001,55.360085,1703300
2/12/2020,56.41,56.939999,56.389999,56.860001,56.080067,1730200
2/13/2020,56.540001,57.084999,56.41,56.869999,56.089931,2761600
2/14/2020,56.919998,57.029999,56.705002,56.939999,56.158974,2111700
2/18/2020,56.82,57.435001,56.810001,57.32,56.533756,2952900
2/19/2020,57.529999,57.75,57.310001,57.580002,56.790199,4301800
2/20/2020,57.330002,57.375,56.459999,56.990002,56.208286,2939000
2/21/2020,56.73,56.82,55.959999,56.119999,55.35022,2927400
2/24/2020,54.400002,54.779999,53.849998,54.240002,53.49601,5297200
2/25/2020,54.43,54.66,52.689999,52.790001,52.065895,13048800
2/26/2020,53.099998,53.761002,52.400002,52.689999,51.967262,6991500
2/27/2020,51.68,52.41,50.610001,50.610001,49.915798,8635300
2/28/2020,49.200001,50.849998,49.040001,50.759998,50.063744,17880300
3/2/2020,51.290001,52.52,50.439999,52.52,51.799603,7324000
3/3/2020,52.59,53.209999,50.48,50.790001,50.09333,9167600
3/4/2020,51.66,52.650002,51.169998,52.619999,51.898228,3398100
3/5/2020,51.439999,51.759998,50.32,50.700001,50.004566,4009100
3/6/2020,49.080002,50.080002,48.619999,49.82,49.136639,6736400
3/9/2020,46.549999,48.200001,45,46.5,45.862179,6080000
3/10/2020,48.060001,48.889999,46.380001,48.869999,48.199665,5108100
3/11/2020,47.689999,47.93,46.080002,46.77,46.128475,5854600
3/12/2020,43.759998,45.389999,41.049999,42.380001,41.798687,9472200
3/13/2020,45.009998,46.25,42.630001,46.189999,45.556419,7604700
3/16/2020,39.509998,43.689999,39.110001,40.98,40.417885,19813500
3/17/2020,41.799999,43.459999,40.150002,42.759998,42.17347,14016600
3/18/2020,40.299999,41.689999,38.68,41.34,40.772949,18094800
3/19/2020,41.009998,43.52,40.200001,42.080002,41.5028,14289200
3/20/2020,42.869999,42.919998,40.049999,40.220001,39.668312,10077800
3/23/2020,40.009998,41.169998,39.029999,40.32,39.878979,15113800
3/24/2020,42.32,42.799999,41.470001,42.799999,42.331856,6497900
3/25/2020,42.66,43.950001,41.419998,42.139999,41.679073,5291400
3/26/2020,42.48,44.73,42.369999,44.540001,44.052822,4691000
3/27/2020,43.279999,43.935001,42.59,42.759998,42.292294,3378100
3/30/2020,43.16,44.470001,42.689999,44.32,43.835232,3025600
3/31/2020,44.310001,45.035,43.949001,44.240002,43.756111,4777200
4/1/2020,42.950001,43.450001,42.080002,42.48,42.015362,5481200
4/2/2020,42.299999,43.290001,42.240002,43.02,42.54945,4537200
4/3/2020,42.939999,43.110001,41.59,42.150002,41.688972,3071800
4/6/2020,43.73,45.169998,43.48,44.93,44.438557,3294700
4/7/2020,46.310001,46.450001,45.119999,45.259998,44.76495,3694300
4/8/2020,45.759998,46.439999,45.290001,46.23,45.724339,2628200
4/9/2020,46.799999,47.060001,46.080002,46.57,46.060619,3256500
4/13/2020,46.450001,46.73,45.560001,46.639999,46.129852,2606200
4/14/2020,47.610001,48.346001,47.32,48.02,47.494762,5554200
4/15/2020,47.18,47.970001,46.98,47.57,47.049679,1969100
4/16/2020,47.919998,47.919998,47.080002,47.759998,47.23761,2475600
4/17/2020,48.599998,48.599998,47.759998,48.41,47.880493,3348400
4/20/2020,47.959999,48.560001,47.799999,47.970001,47.445313,1948500
4/21/2020,47.349998,47.436001,46.119999,46.459999,45.951824,4167700
4/22/2020,47.68,48.060001,47.23,47.709999,47.188148,2151700
4/23/2020,47.939999,48.630001,47.779999,48.049999,47.524433,2486900
4/24/2020,47.950001,48.689999,47.5,48.66,48.127762,2693000
4/27/2020,49.139999,49.299999,48.915001,49.060001,48.523384,2022300
4/28/2020,49.560001,49.560001,48.09,48.169998,47.64312,2583000
4/29/2020,49.900002,50.959999,49.799999,50.5,49.947632,3551600
4/30/2020,50.529999,50.849998,49.852001,50.279999,49.730042,3663100
5/1/2020,49.75,50.310001,49.167,49.580002,49.037701,2793500
5/4/2020,49.27,49.939999,49,49.869999,49.324524,3721800
5/5/2020,50.279999,50.700001,50.029999,50.130001,49.58168,2261500
5/6/2020,50.540001,50.630001,49.970001,49.990002,49.443218,2486000
5/7/2020,50.73,51.119999,50.560001,50.93,50.372932,3207200
5/8/2020,51.549999,51.93,51.25,51.860001,51.292759,4640700
5/11/2020,51.540001,52.25,51.424,51.889999,51.322433,2269700
5/12/2020,52.049999,52.139999,50.869999,50.880001,50.323479,13806400
5/13/2020,50.849998,50.990002,49.330002,50.009998,49.462997,4338800
5/14/2020,49.59,50.549999,49.057999,50.549999,49.997093,3219800
5/15/2020,50.139999,51.25,49.889999,51.25,50.689434,3938600
5/18/2020,51.82,52.610001,51.669998,52.330002,51.757618,2852300
5/19/2020,52.259998,52.93,52.080002,52.32,51.74773,5526800
5/20/2020,53.080002,53.900002,53.040001,53.77,53.181866,4532500
5/21/2020,54,54.18,53.330002,53.389999,52.80603,4016100
5/22/2020,53.369999,53.799999,53.09,53.709999,53.12252,3870900
5/26/2020,54.740002,54.790001,53.779999,53.860001,53.270885,3651100
5/27/2020,53.900002,54.240002,52.895,54.240002,53.646732,5946600
5/28/2020,53.77,54.599998,53.599998,53.73,53.142307,4074500
5/29/2020,53.700001,54.169998,53.145,54.02,53.429134,6113400
6/1/2020,53.889999,54.720001,53.790001,54.639999,54.042351,6930100
6/2/2020,54.700001,54.880001,54.07,54.860001,54.259945,3468600
6/3/2020,55,55.205002,54.830002,55.029999,54.428082,3217000
6/4/2020,54.880001,55.110001,54.220001,54.619999,54.022572,2235300
6/5/2020,54.990002,55.900002,54.98,55.509998,54.902832,2784300
6/8/2020,55.52,56.59,55.369999,56.549999,55.931458,3216000
6/9/2020,56.25,56.669998,56.110001,56.41,55.792995,3549200
6/10/2020,56.759998,56.799999,55.860001,56.240002,55.624859,2638100
6/11/2020,54.959999,55.34,53.529999,53.650002,53.063183,4669100
6/12/2020,54.830002,55.029999,53.110001,54.119999,53.528042,4944200
6/15/2020,53.330002,55.18,53.240002,54.990002,54.388523,4114300
6/16/2020,56.09,56.110001,54.650002,55.439999,54.833599,4335600
6/17/2020,55.560001,55.93,55.07,55.509998,54.902832,2621400
6/18/2020,55.400002,55.73,55.27,55.689999,55.080868,4696300
6/19/2020,56.360001,56.360001,55.130001,55.540001,54.93251,4740400
6/22/2020,55.380001,55.630001,55.186001,55.549999,55.053413,1995800
6/23/2020,55.91,56.48,55.709999,55.91,55.410198,4896900
6/24/2020,55.720001,55.849998,54.150002,54.650002,54.161469,7736200
6/25/2020,54.610001,55.009998,54.07,54.889999,54.399315,4779400
6/26/2020,54.560001,54.610001,52.369999,52.470001,52.00095,6241400
6/29/2020,52.18,53.439999,51.924999,53.439999,52.962276,3508300
6/30/2020,53.419998,54.200001,53.169998,54.040001,53.556915,2815900
7/1/2020,54.220001,55.59,54.18,55.380001,54.884937,5156500
7/2/2020,55.880001,55.970001,55.119999,55.200001,54.706547,2252800
7/6/2020,55.82,56.389999,55.650002,56.310001,55.806622,2082200
7/7/2020,56.169998,56.98,56.074001,56.150002,55.648052,2392300
7/8/2020,56.220001,56.75,55.794998,56.650002,56.143589,3106800
7/9/2020,56.889999,56.950001,55.830002,56.720001,56.212955,3453700
7/10/2020,56.68,57.740002,56.377998,57.700001,57.184196,2429100
7/13/2020,58.16,58.415001,56.349998,56.540001,56.034565,2954700
7/14/2020,55.970001,57.16,55.724998,57.099998,56.589561,3719800
7/15/2020,57.349998,57.669998,56.82,57.439999,56.926521,3089200
7/16/2020,56.939999,57.619999,56.73,57.540001,57.025631,2216700
7/17/2020,57.549999,57.580002,56.810001,57.41,56.89679,1928900
7/20/2020,57.310001,58.23,56.849998,58.099998,57.58062,2205300
7/21/2020,58.48,58.529999,57.66,57.82,57.30312,2228100
7/22/2020,57.810001,57.924999,57.465,57.880001,57.362587,1528700
7/23/2020,57.990002,58.130001,56.639999,56.939999,56.430992,2271200
7/24/2020,56.549999,57.026001,56.259998,56.849998,56.341793,3291800
7/27/2020,57.060001,57.32,56.757999,57.240002,56.72831,1556100
7/28/2020,57.080002,57.290001,56.560001,56.650002,56.143589,1818100
7/29/2020,56.93,57.325001,56.720001,57.169998,56.658939,1720600
7/30/2020,56.630001,57.43,56.349998,57.330002,56.817505,2202100
7/31/2020,58.380001,58.380001,57.235001,58.130001,57.610352,2741700
8/3/2020,58.279999,58.349998,57.757999,58.18,57.659908,2335700
8/4/2020,58.16,58.560001,58.16,58.549999,58.0266,2829100
8/5/2020,58.720001,58.810001,58.290001,58.459999,57.937401,1874200
8/6/2020,58.549999,60.060001,58.450001,60,59.463638,2277200
8/7/2020,59.849998,60.880001,59.43,59.93,59.394264,2525900
8/10/2020,59.91,60.459999,59.150002,59.73,59.196056,4230300
8/11/2020,59.66,60.014999,58.720001,58.84,58.314007,3121200
8/12/2020,59.169998,59.91,59.169998,59.540001,59.007751,6266000
8/13/2020,59.599998,60.268002,59.569,59.84,59.305069,1707300
8/14/2020,59.889999,60.009998,59.630001,59.830002,59.295158,1205100
8/17/2020,60.060001,60.060001,59.689999,59.900002,59.364536,1179400
8/18/2020,60.060001,60.630001,59.794998,60.439999,59.8997,1353100
8/19/2020,60.490002,60.939999,60.130001,60.27,59.73122,2143500
8/20/2020,60.029999,61.09,59.994999,61.02,60.474518,7930600
8/21/2020,60.880001,61.07,60.540001,60.75,60.206932,2003100
8/24/2020,61.189999,61.759998,61.112999,61.490002,60.940319,3340600
8/25/2020,61.509998,62.174999,61.360001,62.07,61.515133,4156100
8/26/2020,62.200001,64.260002,62.18,64.190002,63.61618,3234100
8/27/2020,64.150002,64.153999,63.165001,63.41,62.843155,5037200
8/28/2020,63.57,63.66,63.23,63.560001,62.991817,1819300
8/31/2020,63.5,63.689999,63.169998,63.259998,62.694492,2728400
9/1/2020,63.380001,63.937,63.119999,63.779999,63.209843,4703000
9/2/2020,64.150002,65.339996,63.889999,65.139999,64.557686,4321700
9/3/2020,64.559998,64.709999,62.185001,62.93,62.367443,7536500
9/4/2020,62.610001,62.959999,60.169998,61.779999,61.227722,10039900
9/8/2020,60.259998,61.014999,60.02,60.150002,59.612297,8138700
9/9/2020,60.970001,61.450001,60.220001,60.869999,60.325855,4940700
9/10/2020,61.240002,61.700001,59.790001,59.970001,59.43391,4882100
9/11/2020,60.34,60.513,59.119999,59.779999,59.245602,5509000
9/14/2020,60.43,61.130001,59.98,60.009998,59.473545,3241600
9/15/2020,60.66,61.369999,60.48,61.080002,60.533981,2024000
9/16/2020,61.080002,61.560001,60.32,60.419998,59.879879,2368600
9/17/2020,59.369999,59.84,58.580002,59.310001,58.779812,4600500
9/18/2020,59.650002,59.68,57.959999,58.740002,58.214901,4665400
9/21/2020,57.68,58.119999,57.064999,57.93,57.5336,7845700
9/22/2020,58.459999,59.169998,58.02,59.049999,58.645931,2304600
9/23/2020,59.169998,59.290001,57.470001,57.639999,57.245583,3913000
9/24/2020,57.279999,58.290001,57.18,57.75,57.354832,2944900
9/25/2020,57.68,58.721001,57.23,58.52,58.119556,1879800
9/28/2020,59.400002,59.509998,58.849998,59.299999,58.894222,2016800
9/29/2020,59.369999,59.595001,59.029999,59.360001,58.953812,3249100
9/30/2020,59.419998,60,59.07,59.400002,58.993542,2884000
10/1/2020,59.889999,60.384998,59.799999,60.25,59.837723,7536600
10/2/2020,59.279999,59.900002,58.82,59.060001,58.655865,3320200
10/5/2020,59.43,60.060001,59.349998,60.029999,59.619225,2122200
10/6/2020,59.75,60.07,58.669998,58.77,58.367847,2198400
10/7/2020,59.279999,59.380001,58.650002,59.200001,58.79491,2063400
10/8/2020,59.509998,60,59.509998,59.970001,59.559635,1352300
10/9/2020,60.279999,60.41,60.080002,60.330002,59.917175,1838300
10/12/2020,61.220001,62.580002,60.985001,61.919998,61.496288,3935600
10/13/2020,62.240002,62.310001,61.689999,61.98,61.555882,2581900
10/14/2020,62.240002,62.290001,61.060001,61.240002,60.82095,1999800
10/15/2020,60.509998,60.91,60.25,60.77,60.35416,1700200
10/16/2020,61.169998,61.400002,60.685001,60.779999,60.364094,2932200
10/19/2020,61,61.195,59.465,59.689999,59.281548,3320800
10/20/2020,59.82,60.639999,59.57,60.119999,59.708607,4365000
10/21/2020,60.860001,61.700001,60.709999,61.130001,60.7117,3262000
10/22/2020,61.330002,61.672001,60.715,61.529999,61.108963,2492900
10/23/2020,61.740002,62.130001,61.279999,62.110001,61.684994,1839900
10/26/2020,61.57,61.860001,60.174999,60.75,60.334301,2771500
10/27/2020,60.990002,61.310001,60.634998,61.139999,60.721626,1582100
10/28/2020,60.07,60.139999,58.66,58.740002,58.338055,4236400
10/29/2020,59.439999,60.785,59.150002,60.220001,59.807926,3172900
10/30/2020,60.369999,60.73,58.57,59.200001,58.79491,3421000
11/2/2020,59.630001,60.169998,58.681,59.169998,58.765106,3668600
11/3/2020,59.630001,60.57,59.41,60.049999,59.639091,3494500
11/4/2020,61.73,63.110001,61.630001,62.639999,62.211365,4571200
11/5/2020,63.709999,64.290001,63.259998,63.849998,63.41309,3258000
11/6/2020,63.889999,63.889999,63.009998,63.700001,63.264114,5735300
11/9/2020,64.660004,64.849998,63.119999,63.16,62.727806,6021600
11/10/2020,62.459999,63.16,61.860001,62.959999,62.529175,12894000
11/11/2020,63.400002,63.610001,63.200001,63.529999,63.095276,5063100
11/12/2020,63.490002,63.84,62.939999,63.169998,62.737732,7035900
11/13/2020,63.630001,64.209999,63.27,64.110001,63.671307,1661300
11/16/2020,64.129997,64.595001,64.089996,64.519997,64.078506,4772300
11/17/2020,64.220001,64.599998,63.970001,64.290001,63.850082,3483100
11/18/2020,64.25,64.43,63.630001,63.639999,63.204521,2470000
11/19/2020,63.369999,64.169998,63.279999,64.029999,63.591854,3390400
11/20/2020,64.080002,64.360001,63.869999,63.880001,63.442883,1876300
11/23/2020,64.110001,64.235001,63.279999,63.91,63.472675,2190900
11/24/2020,64.080002,65.279999,64.029999,65.220001,64.773712,2179000
11/25/2020,65.349998,65.360001,64.641998,65.209999,64.763779,1693300
11/27/2020,65.519997,65.839996,65.300003,65.629997,65.180901,1229900
11/30/2020,65.480003,65.480003,64.720001,65.400002,64.952484,3617300
12/1/2020,65.82,67.050003,65.739998,66.599998,66.144272,3888900
12/2/2020,66.510002,67.419998,66.190002,67.220001,66.760033,2380800
12/3/2020,67.150002,67.459999,66.790001,66.919998,66.462082,2129300
12/4/2020,66.919998,67.120003,66.769997,66.980003,66.521667,1997000
12/7/2020,66.919998,67.584999,66.800003,67.400002,66.938789,1981800
12/8/2020,67.330002,67.389999,66.785004,67.300003,66.839485,1712800
12/9/2020,67.389999,67.809998,66.059998,66.5,66.044945,5494600
12/10/2020,66.129997,66.650002,65.5,66.540001,66.084679,2287400
12/11/2020,66.440002,67.040001,66.349998,66.940002,66.481949,2668300
12/14/2020,67.120003,67.599998,66.68,66.730003,66.273376,2622800
12/15/2020,67.059998,67.279999,66.410004,67.279999,66.819618,1604200
12/16/2020,67.389999,67.449997,66.960999,67.220001,66.760033,3249300
12/17/2020,67.470001,67.614998,66.894997,67.050003,66.591202,2437600
12/18/2020,67.209999,67.324997,66.580002,67.110001,66.65078,4397800
12/21/2020,66.209999,66.550003,65.419998,66.43,66.080788,4508500
12/22/2020,66.43,66.43,65.410004,65.809998,65.46405,2041900
12/23/2020,66.040001,66.650002,65.870003,66.190002,65.842056,1671200
12/24/2020,66.260002,66.529999,66.035004,66.260002,65.911682,859700
12/28/2020,66.800003,67.550003,66.589996,67.449997,67.095428,2806600
12/29/2020,67.610001,67.730003,67.309998,67.389999,67.035751,1502000
12/30/2020,67.650002,67.650002,66.900002,66.940002,66.58812,2151800
12/31/2020,66.860001,67.589996,66.860001,67.480003,67.125282,2274200
1/4/2021,67.75,67.790001,65.68,66.480003,66.130531,4456800
1/5/2021,66.32,66.900002,66.25,66.720001,66.369263,2184600
1/6/2021,65.690002,66.849998,65.480003,66.400002,66.050957,3904200
1/7/2021,66.699997,67.599998,66.589996,67.279999,66.926323,2202600
1/8/2021,67.309998,67.540001,66.68,67.489998,67.135216,4993100
1/11/2021,66.510002,66.889999,66.150002,66.290001,65.941521,2202900
1/12/2021,66.190002,66.510002,64.860001,65.220001,64.877159,14316600
1/13/2021,65.190002,65.769997,65,65.449997,65.105942,3685300
1/14/2021,65.57,65.82,64.974998,65.080002,64.737892,2543300
1/15/2021,65.089996,65.599998,64.785004,65.290001,64.946793,4829000
1/19/2021,65.739998,66.629997,65.32,66.470001,66.120583,4431500
1/20/2021,67.800003,68.870003,67.580002,68.559998,68.199593,4614800
1/21/2021,68.849998,69.199997,68.629997,68.809998,68.44828,2393900
1/22/2021,68.739998,69.095001,68.580002,68.839996,68.478127,1979400
1/25/2021,69.290001,69.610001,68.32,69.239998,68.876022,4084400
1/26/2021,69.169998,70.300003,69.169998,70.18,69.811081,3038300
1/27/2021,69.580002,69.769997,67.440002,67.910004,67.553009,7709600
1/28/2021,68.519997,69.370003,68.120003,68.150002,67.791756,6688200
1/29/2021,67.730003,67.870003,66.440002,66.879997,66.528427,4555200
2/1/2021,67.470001,68.43,66.940002,68.129997,67.771851,3135100
2/2/2021,68.580002,69.540001,68.449997,69.169998,68.806389,2010300
2/3/2021,70.269997,70.68,69.657997,70.099998,69.731499,2848300
2/4/2021,70.230003,70.529999,69.830002,70.519997,70.149292,2639900
2/5/2021,70.910004,71.5,70.900002,71.410004,71.034615,1849400
2/8/2021,71.75,71.830002,71.139999,71.690002,71.313141,5201000
2/9/2021,71.510002,72.309998,71.389999,71.93,71.55188,6044200
2/10/2021,72.580002,72.830002,71.599998,72.610001,72.228302,2494500
2/11/2021,72.760002,72.760002,72.059998,72.690002,72.307884,1860100
2/12/2021,72.599998,73.089996,72.540001,73,72.616257,1573900
2/16/2021,73,73.845001,73,73.349998,72.964417,1997000
2/17/2021,72.919998,73.620003,72.790001,73.559998,73.173317,1976400
2/18/2021,73.059998,73.489998,72.663002,73.199997,72.815193,2019900
2/19/2021,73.410004,73.410004,72.379997,72.480003,72.098991,2500000
2/22/2021,71.790001,72.860001,71.739998,72.190002,71.810516,2168100
2/23/2021,71.540001,73,70.5,72.75,72.367569,4639200
2/24/2021,72.010002,73.059998,71.800003,72.879997,72.496887,4004600
2/25/2021,72.910004,73.449997,71.019997,71.290001,70.915237,5492600
2/26/2021,71.690002,72.875,71.050003,71.57,71.193779,5379400
3/1/2021,72.519997,73.599998,72.220001,73.400002,73.014153,4196100
3/2/2021,73.419998,73.870003,72.809998,72.860001,72.47699,4647700
3/3/2021,72.769997,73.095001,71.639999,71.82,71.442459,4724000
3/4/2021,71.809998,73.150002,70.809998,71.690002,71.313141,8581100
3/5/2021,72.300003,73.589996,71.389999,73.370003,72.984306,11937300
3/8/2021,73.43,73.870003,72.339996,72.389999,72.00946,8332000
3/9/2021,73.550003,73.830002,73.010002,73.199997,72.815193,8758100
3/10/2021,74.110001,74.110001,73.129997,73.510002,73.123573,5704600
3/11/2021,74.230003,75.355003,74.07,74.900002,74.506264,3256900
3/12/2021,74.300003,74.790001,74.040001,74.690002,74.297371,3106500
3/15/2021,74.879997,75.264999,74.540001,75.220001,74.824585,3338900
3/16/2021,75.650002,76.599998,75.419998,76.010002,75.610428,3802800
3/17/2021,75.432999,76.309998,74.739998,76.019997,75.620377,4617200
3/18/2021,75.099998,75.790001,74.68,74.760002,74.367004,5529800
3/19/2021,74.879997,75.800003,74.790001,75.410004,75.013588,9243200
3/22/2021,75.489998,76.419998,75.139999,75.910004,75.644379,5225800
3/23/2021,75.830002,76.254997,75.224998,75.349998,75.086334,4294800
3/24/2021,75.349998,75.349998,73.43,73.449997,73.19297,4263400
3/25/2021,73.040001,73.639999,72.519997,73.089996,72.834236,3846200
3/26/2021,73.129997,73.330002,71.019997,72.290001,72.037041,4204600
3/29/2021,72.269997,73.309998,72.040001,73.029999,72.774445,4274000
3/30/2021,73.029999,73.190002,72.709999,73.029999,72.774445,2660300
3/31/2021,73.330002,73.769997,73.050003,73.32,73.063438,3857400
4/1/2021,73.980003,74.629997,73.980003,74.580002,74.319031,4549600
4/5/2021,74.940002,76.254997,74.940002,76.150002,75.88353,3970000
4/6/2021,76.129997,76.57,75.970001,76.339996,76.072868,2523500
4/7/2021,76.360001,77.009003,76.360001,76.93,76.660805,2347700
4/8/2021,77.330002,77.389999,76.692001,76.940002,76.670776,2891400
4/9/2021,76.639999,76.974998,76.360001,76.919998,76.650833,2324100
4/12/2021,76.699997,76.735001,76.260002,76.610001,76.341919,2234300
4/13/2021,76.830002,77.160004,76.599998,76.709999,76.441574,2891100
4/14/2021,76.639999,76.669998,75.760002,75.919998,75.654335,3939200
4/15/2021,76.440002,77.099998,76.330002,76.889999,76.620941,4523500
4/16/2021,77.099998,77.139999,76.550003,76.839996,76.571114,3378100
4/19/2021,76.639999,77.059998,76.010002,76.410004,76.142624,3188300
4/20/2021,76.269997,76.470001,75.43,76,75.734062,3535200
4/21/2021,75.559998,76.150002,75.089996,76.129997,75.863602,7034100
4/22/2021,76.309998,76.464996,75.290001,75.57,75.305565,3532900
4/23/2021,75.900002,76.669998,75.737999,76.449997,76.18248,2741900
4/26/2021,76.610001,76.75,76.419998,76.610001,76.341919,2767100
4/27/2021,76.730003,76.870003,76.209999,76.300003,76.033012,4684900
4/28/2021,77.339996,77.849998,76.93,77,76.73056,3355400
4/29/2021,78.809998,79.220001,78.25,79.129997,78.853104,4816200
4/30/2021,78.150002,78.410004,77.919998,78.050003,77.776894,3819500
5/3/2021,78.360001,78.448997,77.550003,77.639999,77.368317,3861300
5/4/2021,77.209999,77.449997,75.809998,76.940002,76.670776,6848700
5/5/2021,77.410004,77.650002,76.695,76.790001,76.521294,3829000
5/6/2021,76.699997,77.709999,76.580002,77.690002,77.418144,5321700
5/7/2021,78.269997,78.644997,77.900002,78.279999,78.006081,3636400
5/10/2021,77.889999,77.919998,76.724998,76.779999,76.511322,4043500
5/11/2021,75.650002,76.75,75.559998,76.559998,76.292091,9642100
5/12/2021,75.620003,76.080002,74.839996,75.059998,74.797348,5624800
5/13/2021,75.529999,76.260002,75.129997,75.599998,75.335457,7711900
5/14/2021,76.279999,77.25,76.150002,77.089996,76.820236,3257000
5/17/2021,77.07,77.129997,75.980003,76.480003,76.212379,3006100
5/18/2021,76.470001,76.709999,75.68,75.699997,75.435104,2438200
5/19/2021,74.612999,75.870003,74.540001,75.82,75.554688,4936800
5/20/2021,76.199997,77.285004,76.019997,77.120003,76.850136,3504500
5/21/2021,77.480003,77.5,76.82,76.860001,76.591042,4452000
5/24/2021,77.440002,78.459999,77.290001,78.260002,77.986153,3020000
5/25/2021,78.68,78.790001,78.080002,78.239998,77.966217,3079300
5/26/2021,78.470001,79.080002,78.309998,78.75,78.474434,4644900
5/27/2021,78.848,79.238998,78.714996,79.050003,78.773384,4462100
5/28/2021,79.269997,79.300003,78.710999,78.790001,78.514297,2834100
6/1/2021,79.080002,79.220001,78.459999,78.839996,78.564117,3301400
6/2/2021,78.989998,79.099998,78.205002,78.599998,78.324959,2782000
6/3/2021,78.050003,78.288002,77.589996,78.07,77.796814,2812300
6/4/2021,78.389999,79.300003,78.269997,79.190002,78.912903,2333200
6/7/2021,79.059998,79.639999,78.980003,79.599998,79.321457,3321100
6/8/2021,79.82,79.82,78.980003,79.370003,79.09227,3325100
6/9/2021,79.730003,79.860001,79.25,79.290001,79.012543,5168000
6/10/2021,79.370003,79.845001,79.080002,79.720001,79.44104,2470300
6/11/2021,79.839996,79.855003,79.440002,79.809998,79.530724,3729100
6/14/2021,79.870003,80.360001,79.639999,80.339996,80.058868,2733200
6/15/2021,80.410004,80.550003,79.742996,79.879997,79.600479,3085700
6/16/2021,80.040001,80.040001,78.510002,79.18,78.902931,4691900
6/17/2021,79.07,79.970001,79.040001,79.510002,79.231773,4556300
6/18/2021,79.158997,79.239998,78.459999,78.580002,78.305031,6194800
6/21/2021,78.620003,79.260002,78.279999,79.199997,79.064728,3274400
6/22/2021,79.279999,79.989998,79.050003,79.879997,79.743561,4690300
6/23/2021,79.809998,80.220001,79.735001,79.800003,79.663704,4669000
6/24/2021,80.18,80.589996,80.129997,80.550003,80.412422,3430900
6/25/2021,80.529999,80.739998,80.375,80.650002,80.512253,5843400
6/28/2021,80.839996,81.660004,80.588997,81.559998,81.420692,3553900
6/29/2021,81.57,81.650002,80.894997,81.120003,80.981453,4272900
6/30/2021,81.050003,81.190002,80.68,80.970001,80.831703,2533700
7/1/2021,80.870003,81.68,80.849998,81.57,81.430679,5227500
7/2/2021,81.870003,82.254997,81.735001,82.139999,81.99971,4347500
7/6/2021,82.279999,82.386002,81.190002,81.940002,81.800049,3829500
7/7/2021,82.32,82.32,81.629997,81.82,81.680252,3651700
7/8/2021,80.769997,81.290001,80.519997,80.919998,80.781792,5237000
7/9/2021,80.949997,81.761002,80.940002,81.639999,81.500557,2914300
7/12/2021,81.809998,82.260002,81.5,82.220001,82.079575,3568600
7/13/2021,82.139999,82.644997,81.93,82.010002,81.869934,3979100
7/14/2021,82.480003,82.540001,81.860001,81.949997,81.810028,3459600
7/15/2021,82.050003,82.050003,81.029999,81.370003,81.231026,4500500
7/16/2021,81.489998,81.720001,80.760002,80.860001,80.721893,3509300
7/19/2021,80.209999,80.220001,79.260002,79.629997,79.493988,6896900
7/20/2021,79.900002,80.824997,79.474998,80.529999,80.392456,4111800
7/21/2021,80.599998,81.205002,80.559998,81.199997,81.06131,2612700
7/22/2021,81.190002,81.5,80.82,81.480003,81.340836,2254800
7/23/2021,82.43,83.728996,82.07,83.5,83.357384,3872500
7/26/2021,83.400002,83.955002,83.269997,83.93,83.786652,3189800
7/27/2021,83.830002,83.910004,82.32,82.93,82.788361,4857500
7/28/2021,83.809998,84.18,83.199997,83.580002,83.437248,7295300
7/29/2021,83.040001,83.32,82.639999,82.68,82.538788,5291200
7/30/2021,82.169998,82.934998,82.029999,82.400002,82.259262,2999500
8/2/2021,82.75,82.830002,82.059998,82.209999,82.069588,3988200
8/3/2021,82.239998,82.25,80.910004,81.839996,81.700218,4860500
8/4/2021,81.959999,82.269997,81.589996,82.07,81.929825,3864600
8/5/2021,82.309998,82.834999,82.110001,82.82,82.678543,2261300
8/6/2021,82.650002,83.050003,82.610001,82.82,82.678543,2764400
8/9/2021,82.809998,82.82,82.389999,82.669998,82.528801,2367800
8/10/2021,82.75,82.919998,82.470001,82.830002,82.68853,6254400
8/11/2021,82.989998,83.084999,82.68,82.989998,82.848251,2457600
8/12/2021,82.900002,83.18,82.470001,83.139999,82.998001,2269000
8/13/2021,83.349998,83.449997,83.125,83.190002,83.047913,2144600
8/16/2021,82.900002,83.349998,82.25,83.330002,83.187675,3483200
8/17/2021,82.790001,83.129997,82.099998,82.639999,82.498856,5941400
8/18/2021,82.449997,82.919998,81.955002,82.010002,81.869934,3041200
8/19/2021,81.5,82.389999,81.419998,82.019997,81.879906,4409800
8/20/2021,82,82.858002,81.830002,82.730003,82.588699,4143100
8/23/2021,82.839996,84.080002,82.839996,83.730003,83.586998,3062200
8/24/2021,83.910004,84.327003,83.730003,84,83.856529,3132700
8/25/2021,84.029999,84.32,83.849998,84.129997,83.986305,3835100
8/26/2021,84.07,84.199997,83.400002,83.400002,83.257553,3279800
8/27/2021,83.589996,84.860001,83.43,84.720001,84.575302,3437200
8/30/2021,84.699997,85.480003,84.415001,85.300003,85.154312,2734700
8/31/2021,85.269997,85.809998,85.169998,85.620003,85.473763,6091000
9/1/2021,85.760002,86.355003,85.75,86.050003,85.90303,3723200
9/2/2021,86.120003,86.239998,85.32,85.470001,85.32402,3229300
9/3/2021,85.339996,85.614998,85.105003,85.470001,85.32402,2799000
9/7/2021,85.470001,85.830002,85.269997,85.669998,85.523674,4117500
9/8/2021,85.519997,85.760002,84.949997,85.230003,85.084435,3808500
9/9/2021,85.080002,85.360001,84.675003,84.809998,84.665146,4114400
9/10/2021,85.129997,85.260002,84.214996,84.260002,84.116089,5100900
9/13/2021,84.82,84.889999,84.050003,84.470001,84.325729,5291600
9/14/2021,84.690002,84.790001,83.599998,83.739998,83.59697,5467600
9/15/2021,83.720001,84.297997,83.014999,84.150002,84.006279,4996700
9/16/2021,84.040001,84.330002,83.464996,84.07,83.926407,3856600
9/17/2021,83.839996,84.029999,82.783997,83.139999,82.998001,9970600
9/20/2021,81.919998,82.040001,80.309998,81.330002,81.330002,8942900
9/21/2021,81.879997,82.129997,80.93,80.989998,80.989998,6469700
9/22/2021,80.739998,81.379997,80.589996,80.949997,80.949997,6815400
9/23/2021,81.309998,82.18,81.169998,81.779999,81.779999,3989400
9/24/2021,81.410004,82.605003,81.300003,82.449997,82.449997,4402100
9/27/2021,82.010002,82.68,81.760002,82.440002,82.440002,3459700
9/28/2021,81.610001,81.809998,80.309998,80.43,80.43,8982600
9/29/2021,80.82,81.290001,80.25,80.360001,80.360001,5467100
9/30/2021,80.610001,80.949997,80.099998,80.110001,80.110001,10771000
10/1/2021,80.529999,81.824997,80.169998,81.459999,81.459999,7308600
10/4/2021,80.900002,80.949997,79.081001,79.699997,79.699997,9449000
10/5/2021,79.980003,81.32,79.910004,80.889999,80.889999,3316100
10/6/2021,80.080002,81.089996,79.730003,81.029999,81.029999,6599900
10/7/2021,81.720001,82.144997,81.32,81.379997,81.379997,4263900
10/8/2021,81.529999,81.639999,80.879997,80.980003,80.980003,2732400
10/11/2021,80.639999,80.949997,79.730003,79.760002,79.760002,3590000
10/12/2021,79.769997,79.838997,78.739998,79.019997,79.019997,7990700
10/13/2021,79.519997,79.650002,78.900002,79.389999,79.389999,4690400
10/14/2021,80.129997,80.639999,79.959999,80.510002,80.510002,3614600
10/15/2021,80.779999,80.800003,80.199997,80.32,80.32,3100400
10/18/2021,80.220001,80.959999,80.059998,80.940002,80.940002,2975400
10/19/2021,81.360001,81.730003,81.160004,81.720001,81.720001,2460300
10/20/2021,81.910004,82.110001,81.599998,81.879997,81.879997,2934600
10/21/2021,81.849998,82.160004,81.559998,82.120003,82.120003,2681200
10/22/2021,80.879997,81.199997,79.980003,80.379997,80.379997,3130500
10/25/2021,80.139999,80.730003,79.690002,80.730003,80.730003,3225100
10/26/2021,81.07,81.169998,79.629997,80.010002,80.010002,6559500
10/27/2021,79.889999,80.610001,79.684998,79.790001,79.790001,5846000
